sku,name,price,link
00020398,"
                                    Штани Turbat Prut Pro Mns                                ",2 995 грн,https://www.gorgany.com/shtany-turbat-prut-pro-mns.html
00018040,"
                                    Штани Turbat Cascade Mns                                 ",3 595 грн,https://www.gorgany.com/shtany-turbat-cascade-mns.html
00020399,"
                                    Штани Turbat Prut Pro Wms                                ",2 995 грн,https://www.gorgany.com/shtany-turbat-prut-pro-wms.html
00018041,"
                                    Штани Turbat Cascade Wms                                 ",3 595 грн,https://www.gorgany.com/shtany-turbat-cascade-wms.html
00013895,"
                                    Штани Turbat Odyssey Mns                                ",2 995 грн,https://www.gorgany.com/shtany-turbat-odissey-mns.html
00004002,"
                                    Штани Salewa Pedroc 3 DST Regular                                ",5 345 грн,https://www.gorgany.com/shtany-salewa-pedroc-3-dst-regular.html
00020427,"
                                    Штани Turbat Odyssey Lite Mns                                ",3 450 грн,https://www.gorgany.com/shtany-turbat-odyssey-lite-mns.html
00016136,"
                                    Штани Turbat Camp 2                                ",1 395 грн,https://www.gorgany.com/shtany-turbat-camp-2.html
00018037,"
                                    Штани Turbat Isla Pants                                ",4 595 грн,https://www.gorgany.com/shtany-turbat-isla-pants.html
00-00014072,"
                                    Штани Salewa Talvenо 2 DST Mns                                ",4 945 грн,https://www.gorgany.com/shtany-salewa-talvena-2-dst-mns.html
00019827,"
                                    Штани Mountain Equipment Mission Regular                                ",7 917 грн,https://www.gorgany.com/shtany-mountain-equipment-mission-regular.html
00016132,"
                                    Штани Turbat Montana Wmn                                ",2 850 грн,https://www.gorgany.com/shtany-turbat-montana-wmn.html
00020426,"
                                    Штани Turbat Odyssey Lite Wmn                                ",3 450 грн,https://www.gorgany.com/shtany-turbat-odyssey-lite-wmn.html
00024724,"
                                    Штани Salewa Lavaredo Hemp Mns                                ",4 845 грн,https://www.gorgany.com/shtany-salewa-lavaredo-hemp-mns.html
00003994,"
                                    Штани Salewa Pedroc 3 DST Regular Wmn                                ",5 085 грн,https://www.gorgany.com/shtany-salewa-pedroc-3-dst-regular-wmn.html
00019826,"
                                    Штани Mountain Equipment Mission Long                                ",7 917 грн,https://www.gorgany.com/shtany-mountain-equipment-mission-long.html
00020398,"
                                    Штани Turbat Prut Pro Mns                                ",2 995 грн,https://www.gorgany.com/shtany-turbat-prut-pro-mns.html
00018040,"
                                    Штани Turbat Cascade Mns                                 ",3 595 грн,https://www.gorgany.com/shtany-turbat-cascade-mns.html
00020399,"
                                    Штани Turbat Prut Pro Wms                                ",2 995 грн,https://www.gorgany.com/shtany-turbat-prut-pro-wms.html
00018041,"
                                    Штани Turbat Cascade Wms                                 ",3 595 грн,https://www.gorgany.com/shtany-turbat-cascade-wms.html
00013895,"
                                    Штани Turbat Odyssey Mns                                ",2 995 грн,https://www.gorgany.com/shtany-turbat-odissey-mns.html
00004002,"
                                    Штани Salewa Pedroc 3 DST Regular                                ",5 345 грн,https://www.gorgany.com/shtany-salewa-pedroc-3-dst-regular.html
00020427,"
                                    Штани Turbat Odyssey Lite Mns                                ",3 450 грн,https://www.gorgany.com/shtany-turbat-odyssey-lite-mns.html
00016136,"
                                    Штани Turbat Camp 2                                ",1 395 грн,https://www.gorgany.com/shtany-turbat-camp-2.html
00018037,"
                                    Штани Turbat Isla Pants                                ",4 595 грн,https://www.gorgany.com/shtany-turbat-isla-pants.html
00-00014072,"
                                    Штани Salewa Talvenо 2 DST Mns                                ",4 945 грн,https://www.gorgany.com/shtany-salewa-talvena-2-dst-mns.html
00019827,"
                                    Штани Mountain Equipment Mission Regular                                ",7 917 грн,https://www.gorgany.com/shtany-mountain-equipment-mission-regular.html
00016132,"
                                    Штани Turbat Montana Wmn                                ",2 850 грн,https://www.gorgany.com/shtany-turbat-montana-wmn.html
00020426,"
                                    Штани Turbat Odyssey Lite Wmn                                ",3 450 грн,https://www.gorgany.com/shtany-turbat-odyssey-lite-wmn.html
00024724,"
                                    Штани Salewa Lavaredo Hemp Mns                                ",4 845 грн,https://www.gorgany.com/shtany-salewa-lavaredo-hemp-mns.html
00003994,"
                                    Штани Salewa Pedroc 3 DST Regular Wmn                                ",5 085 грн,https://www.gorgany.com/shtany-salewa-pedroc-3-dst-regular-wmn.html
00019826,"
                                    Штани Mountain Equipment Mission Long                                ",7 917 грн,https://www.gorgany.com/shtany-mountain-equipment-mission-long.html
00021185,"
                                    Штани Salewa Puez DST Cargo Mns                                ",5 945 грн,https://www.gorgany.com/shtany-salewa-puez-dst-cargo-mns.html
00018043,"
                                    Штани Turbat Dja Wms                                ",1 295 грн,https://www.gorgany.com/shtany-turbat-dja-wms.html
00021178,"
                                    Штани Salewa Talvena 2 DST Wms                                ",4 945 грн,https://www.gorgany.com/shtany-salewa-talvena-2-dst-wms.html
00024730,"
                                    Штани Salewa Fanes Hemp Mns                                ",6 395 грн,https://www.gorgany.com/shtany-salewa-fanes-hemp-mns.html
00020430,"
                                    Штани Turbat Dja Mns                                ",1 495 грн,https://www.gorgany.com/shtany-turbat-dja-mns.html
00022948,"
                                    Штани Dynafit Alpine WP 2.5L U Overpant                                 ",9 645 грн,https://www.gorgany.com/shtani-dynafit-alpine-wp-2-5l-u-overpant.html
00018036,"
                                    Штани Turbat Fun Camp                                ",1 495 грн,https://www.gorgany.com/shtany-turbat-fun-camp.html
00016135,"
                                    Штани Turbat Forester Mns                                ",3 650 грн,https://www.gorgany.com/shtany-turbat-forester-mns.html
00022455,"
                                    Штани Dynafit Transalper 2 Light DST Wms                                ",5 295 грн,https://www.gorgany.com/shtany-dynafit-transalper-2-light-dst-wms.html
00024416,"
                                    Штани Alpine Pro Liem                                ",3 745 грн,https://www.gorgany.com/shtany-alpine-pro-liem.html
00016131,"
                                    Штани Turbat Montana Mns                                ",2 850 грн,https://www.gorgany.com/shtany-turbat-montana-mns.html
00016930,"
                                    Штани Mountain Equipment Ibex Mountain Long                                ",4 545 грн,https://www.gorgany.com/shtany-mountain-equipment-ibex-softshell-long.html
00-00010819,"
                                    Штани Trimm Jurra                                ",3 170 грн,https://www.gorgany.com/shtany-trimm-jurra.html
00009028,"
                                    Тайтси Dynafit Ultra 2 Long Tights Men                                ",4 395 грн,https://www.gorgany.com/shtany-dynafit-ultra-2-long-tights-men.html
00-00010818,"
                                    Штани Trimm Jurry                                ",3 545 грн,https://www.gorgany.com/shtany-trimm-jurry.html
00024391,"
                                    Штани Alpine Pro Liema                                ",3 745 грн,https://www.gorgany.com/alpine-pro-liema-pants.html
00019048,"
                                    Штани Fjallraven Abisko Midsummer Trs Mns Regular                                ",7 980 грн,https://www.gorgany.com/shtany-fjallraven-abisko-midsummer-trs-mns-regular.html
